epoch,train_loss,val_loss
0,,0.05954992645129528
1,0.9760081975467443,-0.27589090756925466
2,-0.13743426772690615,-0.36064498680710705
