epoch,train_loss,val_loss
0,,0.13122334276620623
1,0.3740364361778118,0.1225722876300273
2,0.1227090592112215,0.11299716560172024
