epoch,train_loss,val_loss
0,,0.3488968255405826
1,0.9969534622930613,-0.09251510010075721
2,0.12783668322621056,-0.5084987826389649
