group,n,accuracy,precision_track,recall_track,specificity_cascade,f1_track,tp,fp,tn,fn
All,45329,0.8643252663857575,0.87619189511323,0.8283098591549296,0.8962503641433268,0.8515783376773821,17643,2493,21536,3657
NuE CC,3936,0.9672256097560976,0.0,0.0,0.9672256097560976,0.0,0,129,3807,0
NuE NC,3108,0.9723294723294723,0.0,0.0,0.9723294723294723,0.0,0,86,3022,0
NuEBar CC,3777,0.9676992321948636,0.0,0.0,0.9676992321948636,0.0,0,122,3655,0
NuEBar NC,2942,0.9711080897348743,0.0,0.0,0.9711080897348743,0.0,0,85,2857,0
NuMu CC,10671,0.8273826258082654,1.0,0.8273826258082654,0.0,0.9055384615384616,8829,0,0,1842
NuMuBar CC,10629,0.8292407564211121,1.0,0.8292407564211121,0.0,0.9066502083011881,8814,0,0,1815
NuTau CC,5140,0.7928015564202334,0.0,0.0,0.7928015564202334,0.0,0,1065,4075,0
NuTauBar CC,5126,0.8037456106125634,0.0,0.0,0.8037456106125634,0.0,0,1006,4120,0
