epoch,train_loss,val_loss
0,,0.1282346974692821
1,0.36694093418933443,0.11617726666729757
2,0.12001948594453653,0.10544806787702482
