epoch,train_loss,val_loss
0,,0.4573326314662016
1,0.9829247943014775,-0.1825448258535012
2,0.07356358695820672,-0.5789276139780664
